{"cameraMode":{"drawMode":0,"name":"Shaded","section":"Shading Mode"},"sceneLighting":true,"audioPlay":false,"sceneViewState":{"m_AlwaysRefresh":false,"showFog":true,"showSkybox":true,"showFlares":true,"showImageEffects":true,"showParticleSystems":true,"showVisualEffectGraphs":true,"m_FxEnabled":true},"in2DMode":false,"pivot":{"x":-48.279090881347659,"y":37.905479431152347,"z":145.56192016601563},"rotation":{"x":0.07914330065250397,"y":-0.12412235885858536,"z":0.009679164737462998,"w":0.9891481995582581},"size":247.23826599121095,"orthographic":false}